mantza.ddns.net,2023-11-26T23:54:22.537Z,358,20721
mantza.ddns.net,2023-11-26T23:54:22.537Z,359,20642
mantza.ddns.net,2023-11-26T23:54:22.537Z,360,20754
mantza.ddns.net,2023-11-26T23:54:27.793Z,358,20746
mantza.ddns.net,2023-11-26T23:54:27.793Z,359,20659
mantza.ddns.net,2023-11-26T23:54:27.793Z,360,20779
mantza.ddns.net,2023-11-26T23:54:32.912Z,358,20739
mantza.ddns.net,2023-11-26T23:54:32.912Z,359,20639
mantza.ddns.net,2023-11-26T23:54:32.912Z,360,20763
mantza.ddns.net,2023-11-26T23:54:38.032Z,358,20739
mantza.ddns.net,2023-11-26T23:54:38.032Z,359,20639
mantza.ddns.net,2023-11-26T23:54:38.032Z,360,20769
mantza.ddns.net,2023-11-26T23:54:43.152Z,358,20741
mantza.ddns.net,2023-11-26T23:54:43.152Z,359,20642
mantza.ddns.net,2023-11-26T23:54:43.152Z,360,20776
mantza.ddns.net,2023-11-26T23:54:48.272Z,358,20739
mantza.ddns.net,2023-11-26T23:54:48.272Z,359,20617
mantza.ddns.net,2023-11-26T23:54:48.272Z,360,20765
mantza.ddns.net,2023-11-26T23:54:53.387Z,358,20726
mantza.ddns.net,2023-11-26T23:54:53.387Z,359,20642
mantza.ddns.net,2023-11-26T23:54:53.387Z,360,20765
mantza.ddns.net,2023-11-26T23:54:58.513Z,358,20719
mantza.ddns.net,2023-11-26T23:54:58.513Z,359,20637
mantza.ddns.net,2023-11-26T23:54:58.513Z,360,20765
mantza.ddns.net,2023-11-26T23:55:03.631Z,358,20746
mantza.ddns.net,2023-11-26T23:55:03.631Z,359,20622
mantza.ddns.net,2023-11-26T23:55:03.631Z,360,20764
mantza.ddns.net,2023-11-26T23:55:08.748Z,358,20731
mantza.ddns.net,2023-11-26T23:55:08.748Z,359,20644
mantza.ddns.net,2023-11-26T23:55:08.748Z,360,20773
mantza.ddns.net,2023-11-26T23:55:13.876Z,358,20769
mantza.ddns.net,2023-11-26T23:55:13.876Z,359,20652
mantza.ddns.net,2023-11-26T23:55:13.876Z,360,20788
